{
  "version": "1",
  "cognitoConfig": {
    "identityPoolName": "reactamplifiedapp3a2ed2bc_identitypool_3a2ed2bc",
    "allowUnauthenticatedIdentities": false,
    "resourceNameTruncated": "reacta3a2ed2bc",
    "userPoolName": "reactamplifiedapp3a2ed2bc_userpool_3a2ed2bc",
    "autoVerifiedAttributes": [
      "email"
    ],
    "mfaConfiguration": "OFF",
    "mfaTypes": [
      "SMS Text Message"
    ],
    "smsAuthenticationMessage": "Your authentication code is {####}",
    "smsVerificationMessage": "Your verification code is {####}",
    "emailVerificationSubject": "Your verification code",
    "emailVerificationMessage": "Your verification code is {####}",
    "defaultPasswordPolicy": false,
    "passwordPolicyMinLength": 8,
    "passwordPolicyCharacters": [],
    "requiredAttributes": [
      "email"
    ],
    "aliasAttributes": [],
    "userpoolClientGenerateSecret": false,
    "userpoolClientRefreshTokenValidity": 30,
    "userpoolClientWriteAttributes": [
      "email"
    ],
    "userpoolClientReadAttributes": [
      "email"
    ],
    "userpoolClientLambdaRole": "reacta3a2ed2bc_userpoolclient_lambda_role",
    "userpoolClientSetAttributes": false,
    "sharedId": "3a2ed2bc",
    "resourceName": "reactamplifiedapp3a2ed2bc",
    "authSelections": "identityPoolAndUserPool",
    "useDefault": "default",
    "userPoolGroupList": [],
    "serviceName": "Cognito",
    "usernameCaseSensitive": false,
    "useEnabledMfas": true
  }
} 